source_id,contaminant_query,raw_path,rows,sha256,access_url,access_date
who-gemsfood-heavy-metal-contaminants,Arsenic (inorganic),raw/reports/gemsfood-contaminants/who-gemsfood-arsenic-inorganic-2026-05-04.csv,42096,44d6fa7cd10ccd27f08bfe71a186a759b5a3ab7f32c96594a1f625ec1f4737d3,https://extranet.who.int/gemsfood/Search.aspx,2026-05-04
who-gemsfood-heavy-metal-contaminants,Aluminium,raw/reports/gemsfood-contaminants/who-gemsfood-aluminium-2026-05-04.csv,3164,a5a850b19789a63acf946e621d515cf93f37937f8d6f81d2feac1df31c930a68,https://extranet.who.int/gemsfood/Search.aspx,2026-05-04
who-gemsfood-heavy-metal-contaminants,Arsenic (Dimethylarsinic acid),raw/reports/gemsfood-contaminants/who-gemsfood-arsenic-dimethylarsinic-acid-2026-05-04.csv,1299,2271157a8ff8a1597bf16fd746dbef7e99abd28fdb49707dfeb61b2bd3a727a4,https://extranet.who.int/gemsfood/Search.aspx,2026-05-04
who-gemsfood-heavy-metal-contaminants,Arsenic (Monomethylarsonic Acid),raw/reports/gemsfood-contaminants/who-gemsfood-arsenic-monomethylarsonic-acid-2026-05-04.csv,420,79b08d213fd3351af86c4b549bcf695e3a65d60e54be4fa3323f41851f1d7a35,https://extranet.who.int/gemsfood/Search.aspx,2026-05-04
who-gemsfood-heavy-metal-contaminants,Arsenic (organic),raw/reports/gemsfood-contaminants/who-gemsfood-arsenic-organic-2026-05-04.csv,4621,95be42e72a3c54f68341a83ec67ce72acd1db7fc7f032593b9a305a10670bf5e,https://extranet.who.int/gemsfood/Search.aspx,2026-05-04
who-gemsfood-heavy-metal-contaminants,Arsenic (total),raw/reports/gemsfood-contaminants/who-gemsfood-arsenic-total-afro-2026-05-04.csv,246,0767eb48702bbc98dae61cfbe3e689177443bebc319a53acb6f51de0aab9230b,https://extranet.who.int/gemsfood/Search.aspx,2026-05-04
who-gemsfood-heavy-metal-contaminants,Arsenic (total),raw/reports/gemsfood-contaminants/who-gemsfood-arsenic-total-eu-2000-2000-2026-05-04.csv,549,bf3977f244703d8035fff5d6fc25f003d0d72e65fd04609c027cf0edd05bc5da,https://extranet.who.int/gemsfood/Search.aspx,2026-05-04
who-gemsfood-heavy-metal-contaminants,Arsenic (total),raw/reports/gemsfood-contaminants/who-gemsfood-arsenic-total-eu-2001-2001-2026-05-04.csv,230,d58b2bd1da127f72e9a9e5e31ceb272c8feb21b71ee4414800b180fbdf7494d0,https://extranet.who.int/gemsfood/Search.aspx,2026-05-04
who-gemsfood-heavy-metal-contaminants,Arsenic (total),raw/reports/gemsfood-contaminants/who-gemsfood-arsenic-total-eu-2002-2002-2026-05-04.csv,429,83dc7eb58b72af4adcda32d84efb2022ec21c7d30a30403efa27e1795f8642ff,https://extranet.who.int/gemsfood/Search.aspx,2026-05-04
who-gemsfood-heavy-metal-contaminants,Arsenic (total),raw/reports/gemsfood-contaminants/who-gemsfood-arsenic-total-eu-2003-2003-2026-05-04.csv,14890,9218e39474c6945f8185635377985a7ae923a8dc4b3e90cd9d9fcdc967e15456,https://extranet.who.int/gemsfood/Search.aspx,2026-05-04
who-gemsfood-heavy-metal-contaminants,Arsenic (total),raw/reports/gemsfood-contaminants/who-gemsfood-arsenic-total-eu-2004-2004-2026-05-04.csv,16239,bc86d3302543d8bc9504c6eeec7e4227c8d8b7d1f30f20d68f0a7f7540cd31a2,https://extranet.who.int/gemsfood/Search.aspx,2026-05-04
who-gemsfood-heavy-metal-contaminants,Arsenic (total),raw/reports/gemsfood-contaminants/who-gemsfood-arsenic-total-eu-2005-2005-2026-05-04.csv,15954,1df58c0253edbdfb37fd910361c0669272c7d08bba180fd74451e0720a9ceaa2,https://extranet.who.int/gemsfood/Search.aspx,2026-05-04
who-gemsfood-heavy-metal-contaminants,Arsenic (total),raw/reports/gemsfood-contaminants/who-gemsfood-arsenic-total-eu-2006-2006-2026-05-04.csv,15220,182c6b9d7f0fcd337aa0e86e341b01f86b1f7d22be43d511ebc67a77590a6166,https://extranet.who.int/gemsfood/Search.aspx,2026-05-04
who-gemsfood-heavy-metal-contaminants,Arsenic (total),raw/reports/gemsfood-contaminants/who-gemsfood-arsenic-total-eu-2007-2007-2026-05-04.csv,15552,088958a66a89b7a626a0ee6a900c01b836a824a3b46d7539de9c2f5c1b32bf2b,https://extranet.who.int/gemsfood/Search.aspx,2026-05-04
who-gemsfood-heavy-metal-contaminants,Arsenic (total),raw/reports/gemsfood-contaminants/who-gemsfood-arsenic-total-eu-2008-2008-2026-05-04.csv,9603,e7dd131208051b79f25878c659ec675e226e1c405e55ee4f2989d422b558170c,https://extranet.who.int/gemsfood/Search.aspx,2026-05-04
who-gemsfood-heavy-metal-contaminants,Arsenic (total),raw/reports/gemsfood-contaminants/who-gemsfood-arsenic-total-eu-2009-2009-2026-05-04.csv,5141,3b78fffa3ed207137e2c61f4bb433960e4a66a23f79f93c66958cf3e6b10657e,https://extranet.who.int/gemsfood/Search.aspx,2026-05-04
who-gemsfood-heavy-metal-contaminants,Arsenic (total),raw/reports/gemsfood-contaminants/who-gemsfood-arsenic-total-eu-2010-2010-2026-05-04.csv,6455,20abac44bb0328783c0dd908d201056e9ef1235c5384dd9a99cecbb51930fcd5,https://extranet.who.int/gemsfood/Search.aspx,2026-05-04
who-gemsfood-heavy-metal-contaminants,Arsenic (total),raw/reports/gemsfood-contaminants/who-gemsfood-arsenic-total-eu-2011-2011-2026-05-04.csv,5959,1c0f73593d9049021bd21550afbdb4b43f207c2ec6a141c4330add124ad3e2c2,https://extranet.who.int/gemsfood/Search.aspx,2026-05-04
who-gemsfood-heavy-metal-contaminants,Arsenic (total),raw/reports/gemsfood-contaminants/who-gemsfood-arsenic-total-eu-2012-2012-2026-05-04.csv,9798,f2e794f12a2af1e5d7857086b70ba2dba624c9f3e2d1da9e7e6619f7d2569f58,https://extranet.who.int/gemsfood/Search.aspx,2026-05-04
who-gemsfood-heavy-metal-contaminants,Arsenic (total),raw/reports/gemsfood-contaminants/who-gemsfood-arsenic-total-eu-2013-2013-2026-05-04.csv,6657,5bd8993763bca5c28a8f09613577b7412363154eede1b5760da867a51b0a9974,https://extranet.who.int/gemsfood/Search.aspx,2026-05-04
who-gemsfood-heavy-metal-contaminants,Arsenic (total),raw/reports/gemsfood-contaminants/who-gemsfood-arsenic-total-eu-2014-2014-2026-05-04.csv,5878,6c57dddc81e82f0b3be44e79e5c799a729507aaca4a110628974a2196cb7078b,https://extranet.who.int/gemsfood/Search.aspx,2026-05-04
who-gemsfood-heavy-metal-contaminants,Arsenic (total),raw/reports/gemsfood-contaminants/who-gemsfood-arsenic-total-eu-2015-2015-2026-05-04.csv,7,c9364e812288ea90fe395040dd0b597a3a4e3b58a9efad8eee70c3ad8977b6e6,https://extranet.who.int/gemsfood/Search.aspx,2026-05-04
who-gemsfood-heavy-metal-contaminants,Arsenic (total),raw/reports/gemsfood-contaminants/who-gemsfood-arsenic-total-euro-2000-2000-2026-05-04.csv,549,37a036d4b51c294ca8e56b7ea1fb4c5b4821b01d1ad4e7542351fe8d3dcefaf1,https://extranet.who.int/gemsfood/Search.aspx,2026-05-04
who-gemsfood-heavy-metal-contaminants,Arsenic (total),raw/reports/gemsfood-contaminants/who-gemsfood-arsenic-total-euro-2001-2001-2026-05-04.csv,230,405d6129cc95b61fb2e852b05451a944da0c5071b1174d0693ca60124859844a,https://extranet.who.int/gemsfood/Search.aspx,2026-05-04
who-gemsfood-heavy-metal-contaminants,Arsenic (total),raw/reports/gemsfood-contaminants/who-gemsfood-arsenic-total-euro-2002-2002-2026-05-04.csv,429,8bc42a13159ed74cd0de118f12372a0855456a8eec214644222cccb0ac5e948d,https://extranet.who.int/gemsfood/Search.aspx,2026-05-04
who-gemsfood-heavy-metal-contaminants,Arsenic (total),raw/reports/gemsfood-contaminants/who-gemsfood-arsenic-total-euro-2003-2003-2026-05-04.csv,14914,cb09ad7f8512c4e3d600cb12069f38d603580fc49f9f557502bd5e7e0bcbe419,https://extranet.who.int/gemsfood/Search.aspx,2026-05-04
who-gemsfood-heavy-metal-contaminants,Arsenic (total),raw/reports/gemsfood-contaminants/who-gemsfood-arsenic-total-euro-2004-2004-2026-05-04.csv,16656,39d25ee61ae737b9b93717b272e7db7ab86fc6b73e1def9a2e09b90ad3ce6845,https://extranet.who.int/gemsfood/Search.aspx,2026-05-04
who-gemsfood-heavy-metal-contaminants,Arsenic (total),raw/reports/gemsfood-contaminants/who-gemsfood-arsenic-total-euro-2005-2005-2026-05-04.csv,16736,06388fd2156ad05e0ae7d46a917129401799ca70cd597ba719b4494f100b999f,https://extranet.who.int/gemsfood/Search.aspx,2026-05-04
who-gemsfood-heavy-metal-contaminants,Arsenic (total),raw/reports/gemsfood-contaminants/who-gemsfood-arsenic-total-euro-2006-2006-2026-05-04.csv,17400,71c07d7816d8aa7cd23a9991f1bb4ac6e770c82424b494bf1940dd3d30037421,https://extranet.who.int/gemsfood/Search.aspx,2026-05-04
who-gemsfood-heavy-metal-contaminants,Arsenic (total),raw/reports/gemsfood-contaminants/who-gemsfood-arsenic-total-euro-2007-2007-2026-05-04.csv,19135,52f8479acb12e687a50859edbb0765686bf210a9c61d0f03cefdba66dece7c2a,https://extranet.who.int/gemsfood/Search.aspx,2026-05-04
who-gemsfood-heavy-metal-contaminants,Arsenic (total),raw/reports/gemsfood-contaminants/who-gemsfood-arsenic-total-euro-2008-2008-2026-05-04.csv,14175,affa7590091b16572de49ffebfece802f3447a16779f4dd16d89790b8bb8bc98,https://extranet.who.int/gemsfood/Search.aspx,2026-05-04
who-gemsfood-heavy-metal-contaminants,Arsenic (total),raw/reports/gemsfood-contaminants/who-gemsfood-arsenic-total-euro-2009-2009-2026-05-04.csv,11800,651123358cd4af4df1fea2c1b3c1e53294b86ff8445b7f7414998f65f25bf646,https://extranet.who.int/gemsfood/Search.aspx,2026-05-04
who-gemsfood-heavy-metal-contaminants,Arsenic (total),raw/reports/gemsfood-contaminants/who-gemsfood-arsenic-total-euro-2010-2010-2026-05-04.csv,14029,e3e6f314f5e21927ecc764ffc346395187bdd5ca88c16e4fe16126006d43ff2d,https://extranet.who.int/gemsfood/Search.aspx,2026-05-04
who-gemsfood-heavy-metal-contaminants,Arsenic (total),raw/reports/gemsfood-contaminants/who-gemsfood-arsenic-total-euro-2011-2011-2026-05-04.csv,14409,542f0f75096401ff5073bea7b2cfb12bf09318dc499f16157646185d2d466644,https://extranet.who.int/gemsfood/Search.aspx,2026-05-04
who-gemsfood-heavy-metal-contaminants,Arsenic (total),raw/reports/gemsfood-contaminants/who-gemsfood-arsenic-total-euro-2012-2012-2026-05-04.csv,21406,22a883325984030d9f1adadb1be42db9fe630b42b4100a0b7509068d5f3ef7f7,https://extranet.who.int/gemsfood/Search.aspx,2026-05-04
who-gemsfood-heavy-metal-contaminants,Arsenic (total),raw/reports/gemsfood-contaminants/who-gemsfood-arsenic-total-euro-2013-2013-2026-05-04.csv,15344,a52161e38211711550f4769ab268477a62e19741dbab9e6d8527822903443ed8,https://extranet.who.int/gemsfood/Search.aspx,2026-05-04
who-gemsfood-heavy-metal-contaminants,Arsenic (total),raw/reports/gemsfood-contaminants/who-gemsfood-arsenic-total-euro-2014-2014-2026-05-04.csv,27471,a87868efadd1455e9fd565861bcb3de6555622f18fd0dc9336ebf72788a6598f,https://extranet.who.int/gemsfood/Search.aspx,2026-05-04
who-gemsfood-heavy-metal-contaminants,Arsenic (total),raw/reports/gemsfood-contaminants/who-gemsfood-arsenic-total-euro-2015-2015-2026-05-04.csv,18692,31d78e8a5d188f191ace22446e7837d8cbc84db196e21a4e6680a7d465d585cb,https://extranet.who.int/gemsfood/Search.aspx,2026-05-04
who-gemsfood-heavy-metal-contaminants,Arsenic (total),raw/reports/gemsfood-contaminants/who-gemsfood-arsenic-total-euro-2016-2016-2026-05-04.csv,9659,010aa97a7f34e086a00f087b21ca7247075ddf0acc74217af840919b3ce5dba4,https://extranet.who.int/gemsfood/Search.aspx,2026-05-04
who-gemsfood-heavy-metal-contaminants,Arsenic (total),raw/reports/gemsfood-contaminants/who-gemsfood-arsenic-total-euro-2017-2017-2026-05-04.csv,10856,3f9fedff148db762da1df38850151b530b0a77f5b44bfa39fd9df97b12063d68,https://extranet.who.int/gemsfood/Search.aspx,2026-05-04
who-gemsfood-heavy-metal-contaminants,Arsenic (total),raw/reports/gemsfood-contaminants/who-gemsfood-arsenic-total-euro-2018-2018-2026-05-04.csv,9284,d862c8c59b8a5823452ecb5fef265e655abcc8f563b0eb4db2dc5fa866f0c8b3,https://extranet.who.int/gemsfood/Search.aspx,2026-05-04
who-gemsfood-heavy-metal-contaminants,Arsenic (total),raw/reports/gemsfood-contaminants/who-gemsfood-arsenic-total-euro-2019-2019-2026-05-04.csv,7662,1e50ac5685064b980dedccb496a154f353b78e519441e7e7d3d7da18982d0c1d,https://extranet.who.int/gemsfood/Search.aspx,2026-05-04
who-gemsfood-heavy-metal-contaminants,Arsenic (total),raw/reports/gemsfood-contaminants/who-gemsfood-arsenic-total-euro-2020-2020-2026-05-04.csv,8044,de3e1d805e46b9ef6552e3089212ce6dab7f742c7076efef46cfb7a045ed161b,https://extranet.who.int/gemsfood/Search.aspx,2026-05-04
who-gemsfood-heavy-metal-contaminants,Arsenic (total),raw/reports/gemsfood-contaminants/who-gemsfood-arsenic-total-euro-2021-2021-2026-05-04.csv,10920,6d8ea5924ba125c53333a85bca7c2f8ca35ee4d5c7456e239beff6b26a6f11d0,https://extranet.who.int/gemsfood/Search.aspx,2026-05-04
who-gemsfood-heavy-metal-contaminants,Arsenic (total),raw/reports/gemsfood-contaminants/who-gemsfood-arsenic-total-euro-2022-2022-2026-05-04.csv,13050,8bcab0dc5f99d07aba88a08f0eb6b641b62a726c92f431ace793e28c6e543903,https://extranet.who.int/gemsfood/Search.aspx,2026-05-04
who-gemsfood-heavy-metal-contaminants,Arsenic (total),raw/reports/gemsfood-contaminants/who-gemsfood-arsenic-total-euro-2023-2023-2026-05-04.csv,18780,d4dd9279cbce6ea6be3f249b87a996fdf7c6842a7dc9c49844e8b372d9a41a94,https://extranet.who.int/gemsfood/Search.aspx,2026-05-04
who-gemsfood-heavy-metal-contaminants,Arsenic (total),raw/reports/gemsfood-contaminants/who-gemsfood-arsenic-total-euro-2024-2024-2026-05-04.csv,2,655cfd9bd612261424d089544bed2819ce790da7b9eb682a963d74a54cde42c5,https://extranet.who.int/gemsfood/Search.aspx,2026-05-04
who-gemsfood-heavy-metal-contaminants,Arsenic (total),raw/reports/gemsfood-contaminants/who-gemsfood-arsenic-total-paho-2026-05-04.csv,21449,48e62e2585f08fbef240e73d52132a14acd8ea18a5671638f501c9990a820d8a,https://extranet.who.int/gemsfood/Search.aspx,2026-05-04
who-gemsfood-heavy-metal-contaminants,Arsenic (total),raw/reports/gemsfood-contaminants/who-gemsfood-arsenic-total-searo-2026-05-04.csv,903,2fa17edd74b262bac6303660872127fe9c7ea40dbe321a863d551390e7df1511,https://extranet.who.int/gemsfood/Search.aspx,2026-05-04
who-gemsfood-heavy-metal-contaminants,Arsenic (total),raw/reports/gemsfood-contaminants/who-gemsfood-arsenic-total-wpro-2026-05-04.csv,13633,73c4ea7ccfce7f5c68e967c767aabb73ea3c1b1da14253f443f95aed7b3aaf74,https://extranet.who.int/gemsfood/Search.aspx,2026-05-04
who-gemsfood-heavy-metal-contaminants,Cadmium,raw/reports/gemsfood-contaminants/who-gemsfood-cadmium-afro-2026-05-04.csv,535,d50c4c33193563893abd3b1bbb5f589b03a325ac64a38cacfe23f47fb15f9e1d,https://extranet.who.int/gemsfood/Search.aspx,2026-05-04
who-gemsfood-heavy-metal-contaminants,Cadmium,raw/reports/gemsfood-contaminants/who-gemsfood-cadmium-ccne-2026-05-04.csv,1832,a27cdfe66f1b25be37fe52d89d7362032d60dd7614fdaf2d7ad10ca498e311cd,https://extranet.who.int/gemsfood/Search.aspx,2026-05-04
who-gemsfood-heavy-metal-contaminants,Cadmium,raw/reports/gemsfood-contaminants/who-gemsfood-cadmium-emro-2026-05-04.csv,1832,b3dd8c73424d023ae3a7250f4b955685af17f01e70dd895d68a05216f507ccdd,https://extranet.who.int/gemsfood/Search.aspx,2026-05-04
who-gemsfood-heavy-metal-contaminants,Cadmium,raw/reports/gemsfood-contaminants/who-gemsfood-cadmium-eu-1997-1997-2026-05-04.csv,5,09bd1ca1a74e4f35496f751233662519d1949418e21ff19fc0ef723dcf6f34cf,https://extranet.who.int/gemsfood/Search.aspx,2026-05-04
who-gemsfood-heavy-metal-contaminants,Cadmium,raw/reports/gemsfood-contaminants/who-gemsfood-cadmium-eu-1998-1998-2026-05-04.csv,133,2648cd44079f594ffaa510c3eb1747a1bbf64cb617bd506386b17367e938c361,https://extranet.who.int/gemsfood/Search.aspx,2026-05-04
who-gemsfood-heavy-metal-contaminants,Cadmium,raw/reports/gemsfood-contaminants/who-gemsfood-cadmium-eu-1999-1999-2026-05-04.csv,207,4660c17ae7663dfdd143cba0dfdf319d7690061dfa6146c7925adeb6d63350a2,https://extranet.who.int/gemsfood/Search.aspx,2026-05-04
who-gemsfood-heavy-metal-contaminants,Cadmium,raw/reports/gemsfood-contaminants/who-gemsfood-cadmium-eu-2000-2000-2026-05-04.csv,1195,bcab91701ccdb3ff921fda2818fe99913bf5ef7add12aa7965def4439d6137a7,https://extranet.who.int/gemsfood/Search.aspx,2026-05-04
who-gemsfood-heavy-metal-contaminants,Cadmium,raw/reports/gemsfood-contaminants/who-gemsfood-cadmium-eu-2001-2001-2026-05-04.csv,269,4fa25c8c2e16f3541f9827a0e6e491db3f686cc4ab891dc975dcfd5bc9dbdee6,https://extranet.who.int/gemsfood/Search.aspx,2026-05-04
who-gemsfood-heavy-metal-contaminants,Cadmium,raw/reports/gemsfood-contaminants/who-gemsfood-cadmium-eu-2002-2002-2026-05-04.csv,430,d63b0bd44e56b43422e14a9ccaaf35f6dfeaf51debce6fa74d6b4c3ce7647c7b,https://extranet.who.int/gemsfood/Search.aspx,2026-05-04
who-gemsfood-heavy-metal-contaminants,Cadmium,raw/reports/gemsfood-contaminants/who-gemsfood-cadmium-eu-2003-2003-2026-05-04.csv,26958,32a0cd36dc0deafe4290995079278c08b9a89ece74de412ab2a4f36105cc1673,https://extranet.who.int/gemsfood/Search.aspx,2026-05-04
who-gemsfood-heavy-metal-contaminants,Cadmium,raw/reports/gemsfood-contaminants/who-gemsfood-cadmium-eu-2004-2004-2026-05-04.csv,23614,169e111385f5dc023dd5fbc6a61f8b4d958cb1eb604009502b311d691e67f32b,https://extranet.who.int/gemsfood/Search.aspx,2026-05-04
who-gemsfood-heavy-metal-contaminants,Cadmium,raw/reports/gemsfood-contaminants/who-gemsfood-cadmium-eu-2005-2005-2026-05-04.csv,24768,393bda35ba0da9c9588d152726e4f791a9438d86893179676ab7b1c845df3aab,https://extranet.who.int/gemsfood/Search.aspx,2026-05-04
who-gemsfood-heavy-metal-contaminants,Cadmium,raw/reports/gemsfood-contaminants/who-gemsfood-cadmium-eu-2006-2006-2026-05-04.csv,23229,d4a3ec35984e16953cd3795bc34d78aa03424ca2f720d30a530e0b53e83e2386,https://extranet.who.int/gemsfood/Search.aspx,2026-05-04
who-gemsfood-heavy-metal-contaminants,Cadmium,raw/reports/gemsfood-contaminants/who-gemsfood-cadmium-eu-2007-2007-2026-05-04.csv,10611,02584db10c04ec7bdf6e4c6641098c88a481a3166134068e7f50d653fca7d5ec,https://extranet.who.int/gemsfood/Search.aspx,2026-05-04
who-gemsfood-heavy-metal-contaminants,Cadmium,raw/reports/gemsfood-contaminants/who-gemsfood-cadmium-eu-2008-2008-2026-05-04.csv,869,feafa7f329cf5e964ecbce4913e2f6a2b15768a16b9e992605cd905204550ec5,https://extranet.who.int/gemsfood/Search.aspx,2026-05-04
who-gemsfood-heavy-metal-contaminants,Cadmium,raw/reports/gemsfood-contaminants/who-gemsfood-cadmium-eu-2009-2009-2026-05-04.csv,138,6c19d8848486ede7ede5f4ad0ebeb67a327ac64e975c3c34379b64fe898d16e2,https://extranet.who.int/gemsfood/Search.aspx,2026-05-04
who-gemsfood-heavy-metal-contaminants,Cadmium,raw/reports/gemsfood-contaminants/who-gemsfood-cadmium-eu-2013-2013-2026-05-04.csv,6,57a97e32d687d402d9ea1b5df31c6fd4449394ab2cca222bb7a7591787f0c602,https://extranet.who.int/gemsfood/Search.aspx,2026-05-04
who-gemsfood-heavy-metal-contaminants,Cadmium,raw/reports/gemsfood-contaminants/who-gemsfood-cadmium-eu-2014-2014-2026-05-04.csv,9,1eb0b1283e8e7ba1b3246e555a51fa77d7047f3378f33ac540cc41c1202de100,https://extranet.who.int/gemsfood/Search.aspx,2026-05-04
who-gemsfood-heavy-metal-contaminants,Cadmium,raw/reports/gemsfood-contaminants/who-gemsfood-cadmium-eu-2015-2015-2026-05-04.csv,2469,dade4d9b1c3c0c0cdd9e8caccc140e47b03f132e428a6c718cb01f520ab303b8,https://extranet.who.int/gemsfood/Search.aspx,2026-05-04
who-gemsfood-heavy-metal-contaminants,Cadmium,raw/reports/gemsfood-contaminants/who-gemsfood-cadmium-eu-2016-2016-2026-05-04.csv,2575,d67f5237fb6185c5993ea893140bf4788f03537a48671f27b4dad945382e995a,https://extranet.who.int/gemsfood/Search.aspx,2026-05-04
who-gemsfood-heavy-metal-contaminants,Cadmium,raw/reports/gemsfood-contaminants/who-gemsfood-cadmium-eu-2017-2017-2026-05-04.csv,2639,cf23b5624990860837898cd3557a39e29b833e91acb728b88a10cc7f1f0d9589,https://extranet.who.int/gemsfood/Search.aspx,2026-05-04
who-gemsfood-heavy-metal-contaminants,Cadmium,raw/reports/gemsfood-contaminants/who-gemsfood-cadmium-eu-2018-2018-2026-05-04.csv,2326,b4458c6bfdf6390a64adebb7313e45e832b85cc8ac3b4c1eba3d46b96bd57677,https://extranet.who.int/gemsfood/Search.aspx,2026-05-04
who-gemsfood-heavy-metal-contaminants,Cadmium,raw/reports/gemsfood-contaminants/who-gemsfood-cadmium-eu-2019-2019-2026-05-04.csv,2258,d063c0524afaa0ab83c61a95db3aec74962308db833706bacf94d21592b459ef,https://extranet.who.int/gemsfood/Search.aspx,2026-05-04
who-gemsfood-heavy-metal-contaminants,Cadmium,raw/reports/gemsfood-contaminants/who-gemsfood-cadmium-euro-1996-1996-2026-05-04.csv,68,0a3823581c2cd7d91d8b5d3633c88e6665c0c0560542bd2c0d4e4d08a647c1da,https://extranet.who.int/gemsfood/Search.aspx,2026-05-04
who-gemsfood-heavy-metal-contaminants,Cadmium,raw/reports/gemsfood-contaminants/who-gemsfood-cadmium-euro-1997-1997-2026-05-04.csv,73,b895143675f2a1d60065d98cf61b19f7463f904918d7146ce233a51149e1b516,https://extranet.who.int/gemsfood/Search.aspx,2026-05-04
who-gemsfood-heavy-metal-contaminants,Cadmium,raw/reports/gemsfood-contaminants/who-gemsfood-cadmium-euro-1998-1998-2026-05-04.csv,133,52de630f18ddcb8acd1238140fcb2e2c5feeabab7ddd9b94073b72abf9deeb7a,https://extranet.who.int/gemsfood/Search.aspx,2026-05-04
who-gemsfood-heavy-metal-contaminants,Cadmium,raw/reports/gemsfood-contaminants/who-gemsfood-cadmium-euro-1999-1999-2026-05-04.csv,207,fb8a6cc57adc12dd0b519d3704bebe38b5a2cbd6e86f31dbdc78c25cb27e4715,https://extranet.who.int/gemsfood/Search.aspx,2026-05-04
who-gemsfood-heavy-metal-contaminants,Cadmium,raw/reports/gemsfood-contaminants/who-gemsfood-cadmium-euro-2000-2000-2026-05-04.csv,1195,54ff9441327967445e5bbf2d750df1dbb3d3664b49f2bb14bb67a7799eef73b9,https://extranet.who.int/gemsfood/Search.aspx,2026-05-04
who-gemsfood-heavy-metal-contaminants,Cadmium,raw/reports/gemsfood-contaminants/who-gemsfood-cadmium-euro-2001-2001-2026-05-04.csv,269,b552d7e8e44b2319fbe992af2405c8f76c3a1fc5e2e08c266308b8ede19789e7,https://extranet.who.int/gemsfood/Search.aspx,2026-05-04
who-gemsfood-heavy-metal-contaminants,Cadmium,raw/reports/gemsfood-contaminants/who-gemsfood-cadmium-euro-2002-2002-2026-05-04.csv,430,4dd27083847fca0e8a13e33a187189223b49050a0fdc6b5dbe876f5818bd9aee,https://extranet.who.int/gemsfood/Search.aspx,2026-05-04
who-gemsfood-heavy-metal-contaminants,Cadmium,raw/reports/gemsfood-contaminants/who-gemsfood-cadmium-euro-2003-2003-2026-05-04.csv,60594,b7ec11a872e72e91a363b93ccaeffc77619e4d6d30f9375ede2c9c0944a15ca6,https://extranet.who.int/gemsfood/Search.aspx,2026-05-04
who-gemsfood-heavy-metal-contaminants,Cadmium,raw/reports/gemsfood-contaminants/who-gemsfood-cadmium-euro-2004-2004-2026-05-04.csv,59259,7cb9e191b602e70c5cd42782869e56131448145e21a57d6b697b7f0919c1fce3,https://extranet.who.int/gemsfood/Search.aspx,2026-05-04
who-gemsfood-heavy-metal-contaminants,Cadmium,raw/reports/gemsfood-contaminants/who-gemsfood-cadmium-euro-2005-2005-2026-05-04.csv,59006,016105d94a8803c8d77a706dc390ddd92b3906078fc0f46362d1742fdc162570,https://extranet.who.int/gemsfood/Search.aspx,2026-05-04
who-gemsfood-heavy-metal-contaminants,Cadmium,raw/reports/gemsfood-contaminants/who-gemsfood-cadmium-euro-2006-2006-2026-05-04.csv,53727,700d902da0a8ce301721716dea8abe1abdb5efe57cccf0c83889a1d3d18e3687,https://extranet.who.int/gemsfood/Search.aspx,2026-05-04
who-gemsfood-heavy-metal-contaminants,Cadmium,raw/reports/gemsfood-contaminants/who-gemsfood-cadmium-euro-2007-2007-2026-05-04.csv,26247,09d829a0fcaa16dae950a8a98e409e700949111a590233f46a458f4b8385fa6f,https://extranet.who.int/gemsfood/Search.aspx,2026-05-04
who-gemsfood-heavy-metal-contaminants,Cadmium,raw/reports/gemsfood-contaminants/who-gemsfood-cadmium-euro-2008-2008-2026-05-04.csv,7784,e447cf1fb2a52f70cf1c23f21fff5b48350e72036a0e9d6b1d880f25df357379,https://extranet.who.int/gemsfood/Search.aspx,2026-05-04
who-gemsfood-heavy-metal-contaminants,Cadmium,raw/reports/gemsfood-contaminants/who-gemsfood-cadmium-euro-2009-2009-2026-05-04.csv,13190,1eeccf8fc667d993c9fb0566f7082d2b7b5ed6509dff111831ca349c013a3f0f,https://extranet.who.int/gemsfood/Search.aspx,2026-05-04
who-gemsfood-heavy-metal-contaminants,Cadmium,raw/reports/gemsfood-contaminants/who-gemsfood-cadmium-euro-2010-2010-2026-05-04.csv,18046,634e755b0c0180474c33dd946be1f3ad7b0f636ed6c02911ce4921d282dcd767,https://extranet.who.int/gemsfood/Search.aspx,2026-05-04
who-gemsfood-heavy-metal-contaminants,Cadmium,raw/reports/gemsfood-contaminants/who-gemsfood-cadmium-euro-2011-2011-2026-05-04.csv,23043,a939daf5df8ea35c260cf505b1bcc4a794211855679d60a4d0dca22b2d4b702d,https://extranet.who.int/gemsfood/Search.aspx,2026-05-04
who-gemsfood-heavy-metal-contaminants,Cadmium,raw/reports/gemsfood-contaminants/who-gemsfood-cadmium-euro-2012-2012-2026-05-04.csv,28857,db6829a0eec26f185d637a7f444dbfaf6ddfd0f8be5de28470fc47599e83c791,https://extranet.who.int/gemsfood/Search.aspx,2026-05-04
who-gemsfood-heavy-metal-contaminants,Cadmium,raw/reports/gemsfood-contaminants/who-gemsfood-cadmium-euro-2013-2013-2026-05-04.csv,25124,5476686bb961dea200d82dc226e7bb8a8bf41122208e9177f724825684d5faa3,https://extranet.who.int/gemsfood/Search.aspx,2026-05-04
who-gemsfood-heavy-metal-contaminants,Cadmium,raw/reports/gemsfood-contaminants/who-gemsfood-cadmium-euro-2014-2014-2026-05-04.csv,27356,734d6382dfad7678745ab26c5a93d293868c83f8427ac462710370c60654a7d7,https://extranet.who.int/gemsfood/Search.aspx,2026-05-04
who-gemsfood-heavy-metal-contaminants,Cadmium,raw/reports/gemsfood-contaminants/who-gemsfood-cadmium-euro-2015-2015-2026-05-04.csv,29621,5293046bd285083aa100b95ffbddbad140dc45ca4e3b32ba09f3ee16fa56abca,https://extranet.who.int/gemsfood/Search.aspx,2026-05-04
who-gemsfood-heavy-metal-contaminants,Cadmium,raw/reports/gemsfood-contaminants/who-gemsfood-cadmium-euro-2016-2016-2026-05-04.csv,27463,37ddf040bfeab340f42dd04ebade265eaad248b47207356814f0866c842d6ae7,https://extranet.who.int/gemsfood/Search.aspx,2026-05-04
who-gemsfood-heavy-metal-contaminants,Cadmium,raw/reports/gemsfood-contaminants/who-gemsfood-cadmium-euro-2017-2017-2026-05-04.csv,27490,901605a87c8185c63b8512399c6c3314da172bdaf40cfebe3bf080fe2fb57446,https://extranet.who.int/gemsfood/Search.aspx,2026-05-04
who-gemsfood-heavy-metal-contaminants,Cadmium,raw/reports/gemsfood-contaminants/who-gemsfood-cadmium-euro-2018-2018-2026-05-04.csv,31630,9197077e0711cddfc9ff724a4f247ca92d46da14a3fa7b0ff8092db62a22cb4f,https://extranet.who.int/gemsfood/Search.aspx,2026-05-04
who-gemsfood-heavy-metal-contaminants,Cadmium,raw/reports/gemsfood-contaminants/who-gemsfood-cadmium-euro-2019-2019-2026-05-04.csv,35971,3628e3cb3278a6253c98248b332958871730451a97b28d777e8778ca809f6953,https://extranet.who.int/gemsfood/Search.aspx,2026-05-04
who-gemsfood-heavy-metal-contaminants,Cadmium,raw/reports/gemsfood-contaminants/who-gemsfood-cadmium-euro-2020-2020-2026-05-04.csv,950,132710f9922ded8224333983cd757d9eaf72290bd9e17e25af2ecbe13a9c8a00,https://extranet.who.int/gemsfood/Search.aspx,2026-05-04
who-gemsfood-heavy-metal-contaminants,Cadmium,raw/reports/gemsfood-contaminants/who-gemsfood-cadmium-euro-2021-2021-2026-05-04.csv,58,5cd9ece300b90d89896d1499a7ad71fc11d83607959ddd1313612b5aeb8f56fb,https://extranet.who.int/gemsfood/Search.aspx,2026-05-04
who-gemsfood-heavy-metal-contaminants,Cadmium,raw/reports/gemsfood-contaminants/who-gemsfood-cadmium-euro-2022-2022-2026-05-04.csv,94,dfba74dd6f3a2a37451c14718125e1539a32cbc7d76fdb691df92a7512a7933a,https://extranet.who.int/gemsfood/Search.aspx,2026-05-04
who-gemsfood-heavy-metal-contaminants,Cadmium,raw/reports/gemsfood-contaminants/who-gemsfood-cadmium-paho-2026-05-04.csv,41059,639637cc7e787292cb5d17791dc4d9076589e5e108ead961346edd04fd4b43ff,https://extranet.who.int/gemsfood/Search.aspx,2026-05-04
who-gemsfood-heavy-metal-contaminants,Cadmium,raw/reports/gemsfood-contaminants/who-gemsfood-cadmium-searo-2026-05-04.csv,1644,402ac3895d8caa9921956621cb782b85657af3cfcc075fc6d9bccde514035941,https://extranet.who.int/gemsfood/Search.aspx,2026-05-04
who-gemsfood-heavy-metal-contaminants,Cadmium,raw/reports/gemsfood-contaminants/who-gemsfood-cadmium-wpro-2026-05-04.csv,23333,2e25c06918222ffa4b854ebe7087c5ffb28044080fc4b072616078656dd8e311,https://extranet.who.int/gemsfood/Search.aspx,2026-05-04
who-gemsfood-heavy-metal-contaminants,Chromium,raw/reports/gemsfood-contaminants/who-gemsfood-chromium-2026-05-04.csv,220,c728ca0c6073e1805a97a6e713c485d30079fb3bfe433ea2b0f8f5a569694c9d,https://extranet.who.int/gemsfood/Search.aspx,2026-05-04
who-gemsfood-heavy-metal-contaminants,Lead,raw/reports/gemsfood-contaminants/who-gemsfood-lead-afro-2026-05-04.csv,320,d7b77736d0454e75b1d21ff0e30c43fc3d79302887e265681fbacb0760ab6f75,https://extranet.who.int/gemsfood/Search.aspx,2026-05-04
who-gemsfood-heavy-metal-contaminants,Lead,raw/reports/gemsfood-contaminants/who-gemsfood-lead-ccne-2026-05-04.csv,570,0d66e7274bc7a2f5df71cd56ca0549c042d887b2b0b866452acdd83ea03da8f9,https://extranet.who.int/gemsfood/Search.aspx,2026-05-04
who-gemsfood-heavy-metal-contaminants,Lead,raw/reports/gemsfood-contaminants/who-gemsfood-lead-emro-2026-05-04.csv,570,17aa1234b111e6fe224dda2d04490c7ee43709823ccd42a8c1767ec5415a24cd,https://extranet.who.int/gemsfood/Search.aspx,2026-05-04
who-gemsfood-heavy-metal-contaminants,Lead,raw/reports/gemsfood-contaminants/who-gemsfood-lead-eu-2026-05-04.csv,13642,9200c3613b5e2190ea9371d94ccc980d7e05992eb63c8c03c29fd3c88b15bbc1,https://extranet.who.int/gemsfood/Search.aspx,2026-05-04
who-gemsfood-heavy-metal-contaminants,Lead,raw/reports/gemsfood-contaminants/who-gemsfood-lead-euro-1995-1995-2026-05-04.csv,22,8c21232071715a90bc3d8b7dd13560cda44a18521d05d17631c178ece054db3b,https://extranet.who.int/gemsfood/Search.aspx,2026-05-04
who-gemsfood-heavy-metal-contaminants,Lead,raw/reports/gemsfood-contaminants/who-gemsfood-lead-euro-1996-1996-2026-05-04.csv,23,aefefecf7990292a8d54c0a9ba359f8fdb2854ef0e9f29921ed56162b1293823,https://extranet.who.int/gemsfood/Search.aspx,2026-05-04
who-gemsfood-heavy-metal-contaminants,Lead,raw/reports/gemsfood-contaminants/who-gemsfood-lead-euro-1997-1997-2026-05-04.csv,28,288e394a9c85b267690254267f9d33cbc4bb4e347b5c60637d109409ee733f92,https://extranet.who.int/gemsfood/Search.aspx,2026-05-04
who-gemsfood-heavy-metal-contaminants,Lead,raw/reports/gemsfood-contaminants/who-gemsfood-lead-euro-1998-1998-2026-05-04.csv,157,06766f4f6433b998e4d8aef25a3661e0758182860d194c6e30fd8321d4ae6d20,https://extranet.who.int/gemsfood/Search.aspx,2026-05-04
who-gemsfood-heavy-metal-contaminants,Lead,raw/reports/gemsfood-contaminants/who-gemsfood-lead-euro-1999-1999-2026-05-04.csv,294,092f752458c75d1f189364e03e37ba137d449e699a4b2bc565793d0bff6190dd,https://extranet.who.int/gemsfood/Search.aspx,2026-05-04
who-gemsfood-heavy-metal-contaminants,Lead,raw/reports/gemsfood-contaminants/who-gemsfood-lead-euro-2000-2000-2026-05-04.csv,1181,da23775b17c12954a846ccfacc4d24cd690004bdc163222988f15ae1d3f77701,https://extranet.who.int/gemsfood/Search.aspx,2026-05-04
who-gemsfood-heavy-metal-contaminants,Lead,raw/reports/gemsfood-contaminants/who-gemsfood-lead-euro-2001-2001-2026-05-04.csv,255,83c6dafe558ab933f8bcfee88681daf83409ee5805fb93323f6a0d4a7039332c,https://extranet.who.int/gemsfood/Search.aspx,2026-05-04
who-gemsfood-heavy-metal-contaminants,Lead,raw/reports/gemsfood-contaminants/who-gemsfood-lead-euro-2002-2002-2026-05-04.csv,440,20dc7e220a791f5fecb927a977a986c9bbd2fde7a4bbb234054d3e32041a8362,https://extranet.who.int/gemsfood/Search.aspx,2026-05-04
who-gemsfood-heavy-metal-contaminants,Lead,raw/reports/gemsfood-contaminants/who-gemsfood-lead-euro-2003-2003-2026-05-04.csv,20831,7c3e01b31429ace37237aa49ea83ad9f3890c6e2b26da6cb846d4fdc4c9929fb,https://extranet.who.int/gemsfood/Search.aspx,2026-05-04
who-gemsfood-heavy-metal-contaminants,Lead,raw/reports/gemsfood-contaminants/who-gemsfood-lead-euro-2004-2004-2026-05-04.csv,25978,e9fe0afece23a9afb8210aeacbbfbdc0bb01ae0d027df422c928b82b55c93b76,https://extranet.who.int/gemsfood/Search.aspx,2026-05-04
who-gemsfood-heavy-metal-contaminants,Lead,raw/reports/gemsfood-contaminants/who-gemsfood-lead-euro-2005-2005-2026-05-04.csv,25219,ee8cc5a0e1f8f94c7b0714072226e74bb8de501d9ebef2702cb9e51453d4723f,https://extranet.who.int/gemsfood/Search.aspx,2026-05-04
who-gemsfood-heavy-metal-contaminants,Lead,raw/reports/gemsfood-contaminants/who-gemsfood-lead-euro-2006-2006-2026-05-04.csv,19389,52d4b10e753b1e5465d3cf00b44724bd749cbf3be425225c376bdbefec15230d,https://extranet.who.int/gemsfood/Search.aspx,2026-05-04
who-gemsfood-heavy-metal-contaminants,Lead,raw/reports/gemsfood-contaminants/who-gemsfood-lead-euro-2007-2007-2026-05-04.csv,24819,086dff2a198ddb9c663591a43f1c08ca89e778a4c07abc099cf199c5327a5d85,https://extranet.who.int/gemsfood/Search.aspx,2026-05-04
who-gemsfood-heavy-metal-contaminants,Lead,raw/reports/gemsfood-contaminants/who-gemsfood-lead-euro-2008-2008-2026-05-04.csv,10591,7edf02706c71b08671ff2031f0ec6e8f8deb8453c73ad22a9d925b1fc1e12e97,https://extranet.who.int/gemsfood/Search.aspx,2026-05-04
who-gemsfood-heavy-metal-contaminants,Lead,raw/reports/gemsfood-contaminants/who-gemsfood-lead-euro-2009-2009-2026-05-04.csv,13051,86a52eb95d28de1ef13b044b531c8fcb09e41bc83c84760d08d1e8a7ffda3310,https://extranet.who.int/gemsfood/Search.aspx,2026-05-04
who-gemsfood-heavy-metal-contaminants,Lead,raw/reports/gemsfood-contaminants/who-gemsfood-lead-euro-2010-2010-2026-05-04.csv,17765,4bcb1003493a22c8f1ef154578c49735bf25bae2e0e65be4375d1ce67b8c7fca,https://extranet.who.int/gemsfood/Search.aspx,2026-05-04
who-gemsfood-heavy-metal-contaminants,Lead,raw/reports/gemsfood-contaminants/who-gemsfood-lead-euro-2011-2011-2026-05-04.csv,23003,a3205c1d58ff39df159ccb230e5f8be63e19619ceb1d8c218462a9c72f0b47c7,https://extranet.who.int/gemsfood/Search.aspx,2026-05-04
who-gemsfood-heavy-metal-contaminants,Lead,raw/reports/gemsfood-contaminants/who-gemsfood-lead-euro-2012-2012-2026-05-04.csv,31209,7f2add5728555b4884d0e2f72837dd4d683cd1e3a5aef13d91179f4d9a92684c,https://extranet.who.int/gemsfood/Search.aspx,2026-05-04
who-gemsfood-heavy-metal-contaminants,Lead,raw/reports/gemsfood-contaminants/who-gemsfood-lead-euro-2013-2013-2026-05-04.csv,23695,26c1b21f17d29b297a28767b2d4f02186603ca9ffcad498f5f764398cda13ca5,https://extranet.who.int/gemsfood/Search.aspx,2026-05-04
who-gemsfood-heavy-metal-contaminants,Lead,raw/reports/gemsfood-contaminants/who-gemsfood-lead-euro-2014-2014-2026-05-04.csv,28689,45187ee6ea25421cfae79bb2e0966dbd2ccf7716359ff17b4bc8f55c1703fd7f,https://extranet.who.int/gemsfood/Search.aspx,2026-05-04
who-gemsfood-heavy-metal-contaminants,Lead,raw/reports/gemsfood-contaminants/who-gemsfood-lead-euro-2015-2015-2026-05-04.csv,32259,7cc768a2fe44c542b60074ab6352327341d3ea5cd5517230d870b0261a7d5b32,https://extranet.who.int/gemsfood/Search.aspx,2026-05-04
who-gemsfood-heavy-metal-contaminants,Lead,raw/reports/gemsfood-contaminants/who-gemsfood-lead-euro-2016-2016-2026-05-04.csv,29936,0ce76d504518beef29798e8e8dd36413c92e50436dc4df2185987e25d97775b3,https://extranet.who.int/gemsfood/Search.aspx,2026-05-04
who-gemsfood-heavy-metal-contaminants,Lead,raw/reports/gemsfood-contaminants/who-gemsfood-lead-euro-2017-2017-2026-05-04.csv,30279,c3935c7056547ef30e23a2181ed405f03603137a6ec04baa5c98646bb2a8c565,https://extranet.who.int/gemsfood/Search.aspx,2026-05-04
who-gemsfood-heavy-metal-contaminants,Lead,raw/reports/gemsfood-contaminants/who-gemsfood-lead-euro-2018-2018-2026-05-04.csv,30702,7ad875bf1f7487012309cb9d36e7805a2e16d2d5e89c4b99ce8824aa365bbca0,https://extranet.who.int/gemsfood/Search.aspx,2026-05-04
who-gemsfood-heavy-metal-contaminants,Lead,raw/reports/gemsfood-contaminants/who-gemsfood-lead-euro-2019-2019-2026-05-04.csv,31500,3be21a752bc8acdd78a6fcf89f15c02f27ac304c074c9846885f4874263eb59d,https://extranet.who.int/gemsfood/Search.aspx,2026-05-04
who-gemsfood-heavy-metal-contaminants,Lead,raw/reports/gemsfood-contaminants/who-gemsfood-lead-euro-2020-2020-2026-05-04.csv,1495,bc6cdf1d2cf4738e12e387cbe29c5bba77b8b4b6190421568f03c717fff3a539,https://extranet.who.int/gemsfood/Search.aspx,2026-05-04
who-gemsfood-heavy-metal-contaminants,Lead,raw/reports/gemsfood-contaminants/who-gemsfood-lead-euro-2021-2021-2026-05-04.csv,1223,a100dbaebb3c78e60bafa3f97ec87510553cbbda3b990c0e76dc837187412115,https://extranet.who.int/gemsfood/Search.aspx,2026-05-04
who-gemsfood-heavy-metal-contaminants,Lead,raw/reports/gemsfood-contaminants/who-gemsfood-lead-euro-2022-2022-2026-05-04.csv,937,72c67bf0de9a5abe41b0a561145c9bd65d81e43b68f75b68d0b1fa666f94c4ae,https://extranet.who.int/gemsfood/Search.aspx,2026-05-04
who-gemsfood-heavy-metal-contaminants,Lead,raw/reports/gemsfood-contaminants/who-gemsfood-lead-euro-2023-2023-2026-05-04.csv,870,14b869a132904ccfcc5593b30115ce5c75cbb4847c25fd098adabc5fda01d439,https://extranet.who.int/gemsfood/Search.aspx,2026-05-04
who-gemsfood-heavy-metal-contaminants,Lead,raw/reports/gemsfood-contaminants/who-gemsfood-lead-paho-1995-1995-2026-05-04.csv,66,0659eaec28cf3830de0b27c3a05e7cf3168fa76734c349c4670dfd5f7f186492,https://extranet.who.int/gemsfood/Search.aspx,2026-05-04
who-gemsfood-heavy-metal-contaminants,Lead,raw/reports/gemsfood-contaminants/who-gemsfood-lead-paho-1996-1996-2026-05-04.csv,111,27ce67f05d238ec5f7b2148a6f1fe1915e785df977484a3fb7b4d9f06f29e314,https://extranet.who.int/gemsfood/Search.aspx,2026-05-04
who-gemsfood-heavy-metal-contaminants,Lead,raw/reports/gemsfood-contaminants/who-gemsfood-lead-paho-1997-1997-2026-05-04.csv,83,b52529191753c456a18d55fa317a52a2bbf011b42d125a61b912945d3da349ad,https://extranet.who.int/gemsfood/Search.aspx,2026-05-04
who-gemsfood-heavy-metal-contaminants,Lead,raw/reports/gemsfood-contaminants/who-gemsfood-lead-paho-1998-1998-2026-05-04.csv,76,dd01ded64be7d09c2cc85681410b9ca6552c69b27353de786198baed0271eb1e,https://extranet.who.int/gemsfood/Search.aspx,2026-05-04
who-gemsfood-heavy-metal-contaminants,Lead,raw/reports/gemsfood-contaminants/who-gemsfood-lead-paho-1999-1999-2026-05-04.csv,144,a68504a4bf4df9919f274077ab601a2041e074c2f0caedcd18d61766e7e011fc,https://extranet.who.int/gemsfood/Search.aspx,2026-05-04
who-gemsfood-heavy-metal-contaminants,Lead,raw/reports/gemsfood-contaminants/who-gemsfood-lead-paho-2000-2000-2026-05-04.csv,1104,8d2c2bb1e6b006ba2d753b2016c75f2f7496a04436f3675f0b6e37041247732d,https://extranet.who.int/gemsfood/Search.aspx,2026-05-04
who-gemsfood-heavy-metal-contaminants,Lead,raw/reports/gemsfood-contaminants/who-gemsfood-lead-paho-2001-2001-2026-05-04.csv,1166,0f36911699bb146f9b6d23c33b14d8b965d3897f454d49edec20444beaf83abd,https://extranet.who.int/gemsfood/Search.aspx,2026-05-04
who-gemsfood-heavy-metal-contaminants,Lead,raw/reports/gemsfood-contaminants/who-gemsfood-lead-paho-2002-2002-2026-05-04.csv,1102,89d41bfca28edda707495fad1489db3788fd246a1259f67106df5604f9317389,https://extranet.who.int/gemsfood/Search.aspx,2026-05-04
who-gemsfood-heavy-metal-contaminants,Lead,raw/reports/gemsfood-contaminants/who-gemsfood-lead-paho-2003-2003-2026-05-04.csv,1297,e7e8d0716379990065fd44c8cf1494ad22926be97fdd99a67e704bc5e7e9ffb9,https://extranet.who.int/gemsfood/Search.aspx,2026-05-04
who-gemsfood-heavy-metal-contaminants,Lead,raw/reports/gemsfood-contaminants/who-gemsfood-lead-paho-2004-2004-2026-05-04.csv,1228,aefc7e1f030246bbf62ed58ba20c6e06bdbcd5f33706e71737a7b029eb7311af,https://extranet.who.int/gemsfood/Search.aspx,2026-05-04
who-gemsfood-heavy-metal-contaminants,Lead,raw/reports/gemsfood-contaminants/who-gemsfood-lead-paho-2005-2005-2026-05-04.csv,1091,96ec840b6d451273f7d96049a2da7d53339027f1e2bfdd60dc97945ff96f4471,https://extranet.who.int/gemsfood/Search.aspx,2026-05-04
who-gemsfood-heavy-metal-contaminants,Lead,raw/reports/gemsfood-contaminants/who-gemsfood-lead-paho-2006-2006-2026-05-04.csv,994,e9e0f7d7291e7aa33a4b5521b82d9a03293ad015ac071299c21666ebfd6b9b65,https://extranet.who.int/gemsfood/Search.aspx,2026-05-04
who-gemsfood-heavy-metal-contaminants,Lead,raw/reports/gemsfood-contaminants/who-gemsfood-lead-paho-2007-2007-2026-05-04.csv,1345,8fe0f2871e41f89ffc3952520f802551b8623595c919c82c789bef3f516c15d6,https://extranet.who.int/gemsfood/Search.aspx,2026-05-04
who-gemsfood-heavy-metal-contaminants,Lead,raw/reports/gemsfood-contaminants/who-gemsfood-lead-paho-2008-2008-2026-05-04.csv,1466,1aca1b378abc4c17e5c516facf820fdce3828336b2fb28ae3a20ddaa26710c43,https://extranet.who.int/gemsfood/Search.aspx,2026-05-04
who-gemsfood-heavy-metal-contaminants,Lead,raw/reports/gemsfood-contaminants/who-gemsfood-lead-paho-2009-2009-2026-05-04.csv,1417,96fee13823dc7a68cfccfd066e1733e119bdf69318f54cc61d89a6217e8d6d02,https://extranet.who.int/gemsfood/Search.aspx,2026-05-04
who-gemsfood-heavy-metal-contaminants,Lead,raw/reports/gemsfood-contaminants/who-gemsfood-lead-paho-2010-2010-2026-05-04.csv,1705,d8b2805129a27263a0594e2a4e52f1a35bcc640992f827b0f03ddac8db86ff88,https://extranet.who.int/gemsfood/Search.aspx,2026-05-04
who-gemsfood-heavy-metal-contaminants,Lead,raw/reports/gemsfood-contaminants/who-gemsfood-lead-paho-2011-2011-2026-05-04.csv,2529,091787fc978de5543d73e1cc23fcd621ad1e27d278ea818ee75b61884509ab55,https://extranet.who.int/gemsfood/Search.aspx,2026-05-04
who-gemsfood-heavy-metal-contaminants,Lead,raw/reports/gemsfood-contaminants/who-gemsfood-lead-paho-2012-2012-2026-05-04.csv,4180,bcf37887f24cca8c50b0fff1123ffa2d7893dd8b1949b4bfeabd663af0efeee3,https://extranet.who.int/gemsfood/Search.aspx,2026-05-04
who-gemsfood-heavy-metal-contaminants,Lead,raw/reports/gemsfood-contaminants/who-gemsfood-lead-paho-2013-2013-2026-05-04.csv,6599,aefccb2ab1cdca9225154942b935409d50e9050b54107e0c02cf66fa66ff8e32,https://extranet.who.int/gemsfood/Search.aspx,2026-05-04
who-gemsfood-heavy-metal-contaminants,Lead,raw/reports/gemsfood-contaminants/who-gemsfood-lead-paho-2014-2014-2026-05-04.csv,10923,3ed0b6398b9469f8ff592da10c781bc68f62f434827660a2c8172393d628c508,https://extranet.who.int/gemsfood/Search.aspx,2026-05-04
who-gemsfood-heavy-metal-contaminants,Lead,raw/reports/gemsfood-contaminants/who-gemsfood-lead-paho-2015-2015-2026-05-04.csv,16295,076e93ffff1be23ea040d562ccb85a41b77115060c2feb03b9674eac235b1e1d,https://extranet.who.int/gemsfood/Search.aspx,2026-05-04
who-gemsfood-heavy-metal-contaminants,Lead,raw/reports/gemsfood-contaminants/who-gemsfood-lead-paho-2016-2016-2026-05-04.csv,15875,570fda049927c10bae3404159e372336893907e374a707eda2e49db39bf384b7,https://extranet.who.int/gemsfood/Search.aspx,2026-05-04
who-gemsfood-heavy-metal-contaminants,Lead,raw/reports/gemsfood-contaminants/who-gemsfood-lead-paho-2017-2017-2026-05-04.csv,9686,02825a323e94793d8561e3c391af2bca6f5a67434f838579cfadbf913498d791,https://extranet.who.int/gemsfood/Search.aspx,2026-05-04
who-gemsfood-heavy-metal-contaminants,Lead,raw/reports/gemsfood-contaminants/who-gemsfood-lead-paho-2018-2018-2026-05-04.csv,2253,7a32b25030e8d301afd22beb0e0b08fea254ab794f0b033719d91cf252da5623,https://extranet.who.int/gemsfood/Search.aspx,2026-05-04
who-gemsfood-heavy-metal-contaminants,Lead,raw/reports/gemsfood-contaminants/who-gemsfood-lead-paho-2019-2019-2026-05-04.csv,715,36fb9246de3346a44fd6e1561eba4cd54392c78db245cad524bdf475c6e7e9ac,https://extranet.who.int/gemsfood/Search.aspx,2026-05-04
who-gemsfood-heavy-metal-contaminants,Lead,raw/reports/gemsfood-contaminants/who-gemsfood-lead-paho-2020-2020-2026-05-04.csv,226,59496b504c954bfd37b3768ab12da01e05f431f52eb28f0eb81a16287d49b220,https://extranet.who.int/gemsfood/Search.aspx,2026-05-04
who-gemsfood-heavy-metal-contaminants,Lead,raw/reports/gemsfood-contaminants/who-gemsfood-lead-paho-2021-2021-2026-05-04.csv,68,7d6e95df7ff266b8da78bc004d414c3058fc0a4b4b570b56fa168bdea6c55c9f,https://extranet.who.int/gemsfood/Search.aspx,2026-05-04
who-gemsfood-heavy-metal-contaminants,Lead,raw/reports/gemsfood-contaminants/who-gemsfood-lead-paho-2022-2022-2026-05-04.csv,17,9b49bf4e6f542b7476817e4bb8cefe263882afc3aff66ef4986016aa486565fb,https://extranet.who.int/gemsfood/Search.aspx,2026-05-04
who-gemsfood-heavy-metal-contaminants,Lead,raw/reports/gemsfood-contaminants/who-gemsfood-lead-paho-2023-2023-2026-05-04.csv,7,9e6e658c5dca822add48a39ed18f54e3afefd98b0d5ab50b8adfdbb798309368,https://extranet.who.int/gemsfood/Search.aspx,2026-05-04
who-gemsfood-heavy-metal-contaminants,Lead,raw/reports/gemsfood-contaminants/who-gemsfood-lead-paho-2024-2024-2026-05-04.csv,16,c193ac43e1d14f5a203512faaa6af7ee96110513ad181f3a10d13a6e8ce5eb70,https://extranet.who.int/gemsfood/Search.aspx,2026-05-04
who-gemsfood-heavy-metal-contaminants,Lead,raw/reports/gemsfood-contaminants/who-gemsfood-lead-searo-2026-05-04.csv,12884,7844cf261e7cbd92529e26ffc0f0605b9380ceb7e9d118504de0140d926af87c,https://extranet.who.int/gemsfood/Search.aspx,2026-05-04
who-gemsfood-heavy-metal-contaminants,Lead,raw/reports/gemsfood-contaminants/who-gemsfood-lead-wpro-2026-05-04.csv,50534,cfbcb9a88d60456feb8fb3aa0001a48511761ec365d23f50a1638482a3890403,https://extranet.who.int/gemsfood/Search.aspx,2026-05-04
who-gemsfood-heavy-metal-contaminants,Mercury,raw/reports/gemsfood-contaminants/who-gemsfood-mercury-2026-05-04.csv,47819,760407f4a5a24c23aa79cef9580abcaf9260318cc6e9ef12d09fd9ae9e1492e7,https://extranet.who.int/gemsfood/Search.aspx,2026-05-04
who-gemsfood-heavy-metal-contaminants,Mercury (inorganic),raw/reports/gemsfood-contaminants/who-gemsfood-mercury-inorganic-2026-05-04.csv,2844,b78833ab151de46ab1632d9ac55b35394008da28219bda2b5e2879856491beb8,https://extranet.who.int/gemsfood/Search.aspx,2026-05-04
who-gemsfood-heavy-metal-contaminants,Methyl mercury,raw/reports/gemsfood-contaminants/who-gemsfood-methyl-mercury-2026-05-04.csv,4365,72d0297c4c866351345468118a1428527f87a2f24852f8d8d1435bce72fe4b9c,https://extranet.who.int/gemsfood/Search.aspx,2026-05-04
who-gemsfood-heavy-metal-contaminants,Nickel,raw/reports/gemsfood-contaminants/who-gemsfood-nickel-2026-05-04.csv,126,75d1699c1d1fa97502c7661e3cf5cdaeba6aff0d4df8370a2034efb2134fb0f6,https://extranet.who.int/gemsfood/Search.aspx,2026-05-04
who-gemsfood-heavy-metal-contaminants,Tin,raw/reports/gemsfood-contaminants/who-gemsfood-tin-2026-05-04.csv,8063,ccec66e20f2e7ea953beb4fc97febcf5a54f2d2842a23fe7e637a253df2f41e3,https://extranet.who.int/gemsfood/Search.aspx,2026-05-04
who-gemsfood-heavy-metal-contaminants,Total mercury,raw/reports/gemsfood-contaminants/who-gemsfood-total-mercury-euro-2003-2003-2026-05-04.csv,6,22038c6966b250af4957fc7fd095c95aeeb409fa63d90b06419d312227220dca,https://extranet.who.int/gemsfood/Search.aspx,2026-05-04
who-gemsfood-heavy-metal-contaminants,Total mercury,raw/reports/gemsfood-contaminants/who-gemsfood-total-mercury-euro-2004-2004-2026-05-04.csv,7273,7dc73daeee1f4d1b442b960e12912431bce81713efb5300690c1d2f48139ec8e,https://extranet.who.int/gemsfood/Search.aspx,2026-05-04
who-gemsfood-heavy-metal-contaminants,Total mercury,raw/reports/gemsfood-contaminants/who-gemsfood-total-mercury-euro-2005-2005-2026-05-04.csv,6407,16dc69f8fb8a0afa03285b3c1f0a6bae2fcf28c5232fc6fffc49977829040614,https://extranet.who.int/gemsfood/Search.aspx,2026-05-04
who-gemsfood-heavy-metal-contaminants,Total mercury,raw/reports/gemsfood-contaminants/who-gemsfood-total-mercury-euro-2006-2006-2026-05-04.csv,10485,6005abac57c47607c400914eae25fd4d12ee2b1283bd1f19572c1b743bd09729,https://extranet.who.int/gemsfood/Search.aspx,2026-05-04
who-gemsfood-heavy-metal-contaminants,Total mercury,raw/reports/gemsfood-contaminants/who-gemsfood-total-mercury-euro-2007-2007-2026-05-04.csv,10888,2b33807c8724e5c0236eca236ff6e5088b1d2374391ceff179b42244ce545a5e,https://extranet.who.int/gemsfood/Search.aspx,2026-05-04
who-gemsfood-heavy-metal-contaminants,Total mercury,raw/reports/gemsfood-contaminants/who-gemsfood-total-mercury-euro-2008-2008-2026-05-04.csv,9683,ed2c5b7e90fd98da2131e907868adb56dd1d10978f5ec26258911bfbc13ee039,https://extranet.who.int/gemsfood/Search.aspx,2026-05-04
who-gemsfood-heavy-metal-contaminants,Total mercury,raw/reports/gemsfood-contaminants/who-gemsfood-total-mercury-euro-2009-2009-2026-05-04.csv,9633,86f1d036aa2529fc33f7fcd7e394cd6ba1735ca78b7d54fd2b2023faad6c6b92,https://extranet.who.int/gemsfood/Search.aspx,2026-05-04
who-gemsfood-heavy-metal-contaminants,Total mercury,raw/reports/gemsfood-contaminants/who-gemsfood-total-mercury-euro-2010-2010-2026-05-04.csv,10742,6963eb0a33ddfdda6ec4f2f3421e5888d93e1449b35d26a51566d611d3d91370,https://extranet.who.int/gemsfood/Search.aspx,2026-05-04
who-gemsfood-heavy-metal-contaminants,Total mercury,raw/reports/gemsfood-contaminants/who-gemsfood-total-mercury-euro-2011-2011-2026-05-04.csv,11934,df8856a0550dc110684bf4a8e543458ee192a0eee33d654e31c39d7f46c385a0,https://extranet.who.int/gemsfood/Search.aspx,2026-05-04
who-gemsfood-heavy-metal-contaminants,Total mercury,raw/reports/gemsfood-contaminants/who-gemsfood-total-mercury-euro-2012-2012-2026-05-04.csv,17876,d00bb9b9fd58076515c0cee0f1e37c83e94349bd71cfb4c7693e0e9c1562df2a,https://extranet.who.int/gemsfood/Search.aspx,2026-05-04
who-gemsfood-heavy-metal-contaminants,Total mercury,raw/reports/gemsfood-contaminants/who-gemsfood-total-mercury-euro-2013-2013-2026-05-04.csv,15650,26777d2859c0a450915981ee3823f0433a12a4b471d57400feb3e384f1f4be9b,https://extranet.who.int/gemsfood/Search.aspx,2026-05-04
who-gemsfood-heavy-metal-contaminants,Total mercury,raw/reports/gemsfood-contaminants/who-gemsfood-total-mercury-euro-2014-2014-2026-05-04.csv,18110,7e6f6339a42199b388ed276d8c5b62dac7dd855c5944e0f3d48248903d45e0a5,https://extranet.who.int/gemsfood/Search.aspx,2026-05-04
who-gemsfood-heavy-metal-contaminants,Total mercury,raw/reports/gemsfood-contaminants/who-gemsfood-total-mercury-euro-2015-2015-2026-05-04.csv,15812,6cb88ca35719d4be676dade1d7044465c49a4b97c230117bc32591988baf38fc,https://extranet.who.int/gemsfood/Search.aspx,2026-05-04
who-gemsfood-heavy-metal-contaminants,Total mercury,raw/reports/gemsfood-contaminants/who-gemsfood-total-mercury-euro-2016-2016-2026-05-04.csv,12551,b27437776505ffdcc847e663f7010bc3f3979025c4f65be57e55989270c08380,https://extranet.who.int/gemsfood/Search.aspx,2026-05-04
who-gemsfood-heavy-metal-contaminants,Total mercury,raw/reports/gemsfood-contaminants/who-gemsfood-total-mercury-euro-2017-2017-2026-05-04.csv,10421,e44f4042947d491bfcb9ed9f789af28d54f55ac53489910b79f081b529159a89,https://extranet.who.int/gemsfood/Search.aspx,2026-05-04
who-gemsfood-heavy-metal-contaminants,Total mercury,raw/reports/gemsfood-contaminants/who-gemsfood-total-mercury-euro-2018-2018-2026-05-04.csv,3549,89a5cf99cba8dfe63742cfa4efc35517c355e9ffce8e5d8e8a2206fecabca395,https://extranet.who.int/gemsfood/Search.aspx,2026-05-04
who-gemsfood-heavy-metal-contaminants,Total mercury,raw/reports/gemsfood-contaminants/who-gemsfood-total-mercury-euro-2019-2019-2026-05-04.csv,2938,3162f766f09e604bab5c776ea24b13cf38087a3f20694d9d4ff118c6258f56f7,https://extranet.who.int/gemsfood/Search.aspx,2026-05-04
who-gemsfood-heavy-metal-contaminants,Total mercury,raw/reports/gemsfood-contaminants/who-gemsfood-total-mercury-euro-2020-2020-2026-05-04.csv,2417,d3d21aa858462abf32b85b89812b703c78169ae042c07066db8403e5f5afb265,https://extranet.who.int/gemsfood/Search.aspx,2026-05-04
who-gemsfood-heavy-metal-contaminants,Total mercury,raw/reports/gemsfood-contaminants/who-gemsfood-total-mercury-wpro-2026-05-04.csv,440,a6f6668ab35719217611ff13daef1e440afd33a474a0c21fd577901244ff9c6a,https://extranet.who.int/gemsfood/Search.aspx,2026-05-04
